timestamp, temperature.gpu, utilization.gpu [%], utilization.memory [%], power.draw [W], clocks.current.sm [MHz], clocks.current.memory [MHz], pstate
2026/02/11 11:33:43.159, 35, 0 %, 0 %, 24.76 W, 135 MHz, 877 MHz, P0
2026/02/11 11:33:44.161, 35, 0 %, 0 %, 24.76 W, 135 MHz, 877 MHz, P0
2026/02/11 11:33:45.162, 35, 0 %, 0 %, 24.76 W, 135 MHz, 877 MHz, P0
2026/02/11 11:33:46.163, 35, 0 %, 0 %, 24.76 W, 135 MHz, 877 MHz, P0
2026/02/11 11:33:47.165, 35, 2 %, 0 %, 41.14 W, 1290 MHz, 877 MHz, P0
2026/02/11 11:33:48.166, 44, 100 %, 65 %, 290.99 W, 1440 MHz, 877 MHz, P0
2026/02/11 11:33:49.182, 48, 100 %, 63 %, 298.83 W, 1440 MHz, 877 MHz, P0
2026/02/11 11:33:50.188, 51, 100 %, 64 %, 290.04 W, 1440 MHz, 877 MHz, P0
2026/02/11 11:33:51.189, 53, 100 %, 63 %, 292.68 W, 1440 MHz, 877 MHz, P0
2026/02/11 11:33:52.191, 55, 100 %, 64 %, 294.57 W, 1432 MHz, 877 MHz, P0
2026/02/11 11:33:53.192, 56, 100 %, 64 %, 298.83 W, 1432 MHz, 877 MHz, P0
2026/02/11 11:33:54.196, 57, 100 %, 64 %, 296.94 W, 1425 MHz, 877 MHz, P0
2026/02/11 11:33:55.198, 58, 100 %, 63 %, 298.83 W, 1425 MHz, 877 MHz, P0
2026/02/11 11:33:56.199, 59, 100 %, 63 %, 289.10 W, 1425 MHz, 877 MHz, P0
2026/02/11 11:33:57.201, 60, 100 %, 63 %, 293.63 W, 1425 MHz, 877 MHz, P0
2026/02/11 11:33:58.208, 61, 100 %, 64 %, 297.41 W, 1425 MHz, 877 MHz, P0
2026/02/11 11:33:59.209, 62, 100 %, 61 %, 295.99 W, 1417 MHz, 877 MHz, P0
2026/02/11 11:34:00.211, 63, 100 %, 62 %, 297.41 W, 1425 MHz, 877 MHz, P0
2026/02/11 11:34:01.214, 64, 100 %, 63 %, 296.46 W, 1425 MHz, 877 MHz, P0
2026/02/11 11:34:02.215, 64, 100 %, 62 %, 294.10 W, 1410 MHz, 877 MHz, P0
2026/02/11 11:34:03.217, 65, 100 %, 62 %, 294.57 W, 1410 MHz, 877 MHz, P0
2026/02/11 11:34:04.222, 66, 100 %, 64 %, 296.94 W, 1410 MHz, 877 MHz, P0
2026/02/11 11:34:05.223, 66, 100 %, 61 %, 287.68 W, 1410 MHz, 877 MHz, P0
2026/02/11 11:34:06.229, 67, 100 %, 62 %, 288.15 W, 1410 MHz, 877 MHz, P0
2026/02/11 11:34:07.231, 67, 100 %, 62 %, 287.68 W, 1410 MHz, 877 MHz, P0
2026/02/11 11:34:08.232, 68, 100 %, 63 %, 288.62 W, 1410 MHz, 877 MHz, P0
2026/02/11 11:34:09.234, 69, 100 %, 63 %, 290.52 W, 1410 MHz, 877 MHz, P0
2026/02/11 11:34:10.235, 69, 100 %, 61 %, 290.04 W, 1410 MHz, 877 MHz, P0
2026/02/11 11:34:11.236, 70, 100 %, 62 %, 301.46 W, 1410 MHz, 877 MHz, P0
2026/02/11 11:34:12.238, 70, 100 %, 62 %, 299.57 W, 1410 MHz, 877 MHz, P0
2026/02/11 11:34:13.239, 71, 100 %, 63 %, 284.84 W, 1395 MHz, 877 MHz, P0
2026/02/11 11:34:14.241, 71, 100 %, 62 %, 300.51 W, 1402 MHz, 877 MHz, P0
2026/02/11 11:34:15.242, 72, 100 %, 62 %, 295.05 W, 1395 MHz, 877 MHz, P0
2026/02/11 11:34:16.246, 72, 100 %, 62 %, 294.57 W, 1395 MHz, 877 MHz, P0
2026/02/11 11:34:17.253, 73, 100 %, 62 %, 293.15 W, 1395 MHz, 877 MHz, P0
2026/02/11 11:34:18.255, 73, 100 %, 62 %, 291.26 W, 1395 MHz, 877 MHz, P0
2026/02/11 11:34:19.256, 74, 100 %, 62 %, 291.26 W, 1395 MHz, 877 MHz, P0
2026/02/11 11:34:20.263, 74, 100 %, 62 %, 290.99 W, 1395 MHz, 877 MHz, P0
2026/02/11 11:34:21.270, 75, 100 %, 62 %, 288.15 W, 1395 MHz, 877 MHz, P0
2026/02/11 11:34:22.271, 75, 100 %, 62 %, 289.10 W, 1395 MHz, 877 MHz, P0
2026/02/11 11:34:23.273, 75, 100 %, 61 %, 288.62 W, 1395 MHz, 877 MHz, P0
2026/02/11 11:34:24.277, 76, 100 %, 63 %, 289.10 W, 1395 MHz, 877 MHz, P0
2026/02/11 11:34:25.283, 76, 100 %, 62 %, 301.46 W, 1395 MHz, 877 MHz, P0
2026/02/11 11:34:26.284, 77, 100 %, 61 %, 297.41 W, 1387 MHz, 877 MHz, P0
2026/02/11 11:34:27.289, 77, 100 %, 59 %, 298.83 W, 1395 MHz, 877 MHz, P0
2026/02/11 11:34:28.292, 78, 100 %, 59 %, 293.63 W, 1387 MHz, 877 MHz, P0
2026/02/11 11:34:29.294, 78, 100 %, 60 %, 285.31 W, 1380 MHz, 877 MHz, P0
2026/02/11 11:34:30.295, 78, 100 %, 61 %, 295.99 W, 1380 MHz, 877 MHz, P0
2026/02/11 11:34:31.304, 78, 100 %, 61 %, 296.46 W, 1380 MHz, 877 MHz, P0
2026/02/11 11:34:32.305, 79, 100 %, 60 %, 293.63 W, 1380 MHz, 877 MHz, P0
2026/02/11 11:34:33.307, 79, 100 %, 62 %, 293.63 W, 1387 MHz, 877 MHz, P0
2026/02/11 11:34:34.308, 79, 100 %, 60 %, 290.79 W, 1387 MHz, 877 MHz, P0
2026/02/11 11:34:35.310, 80, 100 %, 59 %, 297.41 W, 1380 MHz, 877 MHz, P0
2026/02/11 11:34:36.313, 80, 100 %, 60 %, 295.52 W, 1380 MHz, 877 MHz, P0
2026/02/11 11:34:37.320, 80, 100 %, 61 %, 292.21 W, 1380 MHz, 877 MHz, P0
2026/02/11 11:34:38.322, 81, 100 %, 61 %, 288.62 W, 1380 MHz, 877 MHz, P0
2026/02/11 11:34:39.324, 79, 100 %, 69 %, 251.94 W, 1470 MHz, 877 MHz, P0
2026/02/11 11:34:40.326, 81, 100 %, 59 %, 300.04 W, 1380 MHz, 877 MHz, P0
2026/02/11 11:34:41.332, 82, 100 %, 60 %, 298.15 W, 1380 MHz, 877 MHz, P0
2026/02/11 11:34:42.335, 82, 100 %, 61 %, 293.63 W, 1380 MHz, 877 MHz, P0
2026/02/11 11:34:43.337, 82, 100 %, 61 %, 290.52 W, 1380 MHz, 877 MHz, P0
2026/02/11 11:34:44.342, 82, 100 %, 60 %, 298.35 W, 1380 MHz, 877 MHz, P0
2026/02/11 11:34:45.345, 82, 100 %, 60 %, 282.95 W, 1350 MHz, 877 MHz, P0
2026/02/11 11:34:46.358, 82, 100 %, 60 %, 284.09 W, 1350 MHz, 877 MHz, P0
2026/02/11 11:34:47.369, 82, 100 %, 57 %, 262.67 W, 1312 MHz, 877 MHz, P0
2026/02/11 11:34:48.378, 82, 100 %, 58 %, 263.62 W, 1320 MHz, 877 MHz, P0
2026/02/11 11:34:49.391, 82, 100 %, 57 %, 264.09 W, 1327 MHz, 877 MHz, P0
2026/02/11 11:34:50.401, 82, 100 %, 56 %, 270.07 W, 1327 MHz, 877 MHz, P0
2026/02/11 11:34:51.408, 82, 100 %, 57 %, 276.04 W, 1327 MHz, 877 MHz, P0
2026/02/11 11:34:52.410, 82, 100 %, 57 %, 275.75 W, 1327 MHz, 877 MHz, P0
2026/02/11 11:34:53.411, 82, 100 %, 56 %, 263.62 W, 1327 MHz, 877 MHz, P0
2026/02/11 11:34:54.414, 82, 100 %, 54 %, 253.84 W, 1297 MHz, 877 MHz, P0
2026/02/11 11:34:55.428, 82, 100 %, 55 %, 256.21 W, 1297 MHz, 877 MHz, P0
2026/02/11 11:34:56.441, 82, 100 %, 55 %, 254.31 W, 1297 MHz, 877 MHz, P0
2026/02/11 11:34:57.443, 82, 100 %, 55 %, 157.89 W, 1297 MHz, 877 MHz, P0
2026/02/11 11:34:58.447, 82, 100 %, 55 %, 254.31 W, 1290 MHz, 877 MHz, P0
2026/02/11 11:34:59.459, 82, 100 %, 55 %, 258.58 W, 1290 MHz, 877 MHz, P0
2026/02/11 11:35:00.472, 82, 100 %, 55 %, 256.21 W, 1290 MHz, 877 MHz, P0
2026/02/11 11:35:01.482, 82, 100 %, 55 %, 258.88 W, 1290 MHz, 877 MHz, P0
2026/02/11 11:35:02.491, 82, 100 %, 55 %, 258.11 W, 1290 MHz, 877 MHz, P0
2026/02/11 11:35:03.498, 82, 100 %, 55 %, 250.69 W, 1282 MHz, 877 MHz, P0
2026/02/11 11:35:04.506, 82, 100 %, 57 %, 252.41 W, 1290 MHz, 877 MHz, P0
2026/02/11 11:35:05.514, 82, 100 %, 55 %, 246.89 W, 1290 MHz, 877 MHz, P0
2026/02/11 11:35:06.525, 83, 100 %, 55 %, 244.52 W, 1282 MHz, 877 MHz, P0
2026/02/11 11:35:07.531, 82, 100 %, 54 %, 245.47 W, 1282 MHz, 877 MHz, P0
2026/02/11 11:35:08.542, 83, 100 %, 54 %, 244.99 W, 1275 MHz, 877 MHz, P0
2026/02/11 11:35:09.551, 82, 100 %, 55 %, 247.84 W, 1260 MHz, 877 MHz, P0
2026/02/11 11:35:10.559, 82, 100 %, 53 %, 243.09 W, 1260 MHz, 877 MHz, P0
2026/02/11 11:35:11.567, 82, 100 %, 54 %, 234.87 W, 1260 MHz, 877 MHz, P0
2026/02/11 11:35:12.576, 82, 100 %, 53 %, 248.31 W, 1260 MHz, 877 MHz, P0
2026/02/11 11:35:13.586, 82, 100 %, 54 %, 244.04 W, 1267 MHz, 877 MHz, P0
2026/02/11 11:35:14.594, 82, 100 %, 54 %, 239.46 W, 1267 MHz, 877 MHz, P0
2026/02/11 11:35:15.601, 82, 100 %, 54 %, 247.36 W, 1260 MHz, 877 MHz, P0
2026/02/11 11:35:16.610, 82, 100 %, 55 %, 233.44 W, 1230 MHz, 877 MHz, P0
2026/02/11 11:35:17.625, 82, 100 %, 54 %, 245.94 W, 1267 MHz, 877 MHz, P0
2026/02/11 11:35:18.639, 82, 100 %, 54 %, 237.56 W, 1252 MHz, 877 MHz, P0
2026/02/11 11:35:19.655, 82, 100 %, 53 %, 232.97 W, 1252 MHz, 877 MHz, P0
2026/02/11 11:35:20.669, 82, 100 %, 54 %, 244.52 W, 1252 MHz, 877 MHz, P0
2026/02/11 11:35:21.678, 82, 100 %, 54 %, 234.71 W, 1252 MHz, 877 MHz, P0
2026/02/11 11:35:22.683, 82, 100 %, 53 %, 242.78 W, 1252 MHz, 877 MHz, P0
2026/02/11 11:35:23.685, 82, 100 %, 52 %, 229.64 W, 1245 MHz, 877 MHz, P0
2026/02/11 11:35:24.691, 82, 100 %, 53 %, 241.36 W, 1237 MHz, 877 MHz, P0
2026/02/11 11:35:25.697, 82, 100 %, 52 %, 230.12 W, 1245 MHz, 877 MHz, P0
2026/02/11 11:35:26.702, 82, 100 %, 53 %, 231.70 W, 1237 MHz, 877 MHz, P0
2026/02/11 11:35:27.705, 82, 100 %, 53 %, 235.66 W, 1245 MHz, 877 MHz, P0
2026/02/11 11:35:28.709, 82, 100 %, 54 %, 240.88 W, 1237 MHz, 877 MHz, P0
2026/02/11 11:35:29.717, 82, 100 %, 53 %, 236.61 W, 1252 MHz, 877 MHz, P0
2026/02/11 11:35:30.722, 82, 100 %, 53 %, 240.88 W, 1237 MHz, 877 MHz, P0
2026/02/11 11:35:31.728, 82, 100 %, 52 %, 230.12 W, 1252 MHz, 877 MHz, P0
2026/02/11 11:35:32.732, 82, 100 %, 51 %, 237.56 W, 1222 MHz, 877 MHz, P0
2026/02/11 11:35:33.738, 82, 100 %, 52 %, 227.74 W, 1237 MHz, 877 MHz, P0
2026/02/11 11:35:34.740, 83, 100 %, 53 %, 237.08 W, 1245 MHz, 877 MHz, P0
2026/02/11 11:35:35.743, 82, 100 %, 52 %, 228.21 W, 1207 MHz, 877 MHz, P0
2026/02/11 11:35:36.752, 82, 100 %, 50 %, 218.53 W, 1222 MHz, 877 MHz, P0
2026/02/11 11:35:37.756, 82, 100 %, 51 %, 223.61 W, 1215 MHz, 877 MHz, P0
2026/02/11 11:35:38.759, 82, 100 %, 51 %, 228.21 W, 1215 MHz, 877 MHz, P0
2026/02/11 11:35:39.767, 82, 100 %, 52 %, 229.16 W, 1207 MHz, 877 MHz, P0
2026/02/11 11:35:40.776, 82, 100 %, 51 %, 217.10 W, 1207 MHz, 877 MHz, P0
2026/02/11 11:35:41.782, 82, 100 %, 50 %, 219.81 W, 1215 MHz, 877 MHz, P0
2026/02/11 11:35:42.793, 82, 100 %, 52 %, 226.79 W, 1222 MHz, 877 MHz, P0
2026/02/11 11:35:43.800, 82, 100 %, 51 %, 229.64 W, 1207 MHz, 877 MHz, P0
2026/02/11 11:35:44.828, 82, 100 %, 50 %, 219.81 W, 1215 MHz, 877 MHz, P0
2026/02/11 11:35:45.839, 82, 100 %, 51 %, 226.79 W, 1215 MHz, 877 MHz, P0
2026/02/11 11:35:46.846, 82, 100 %, 50 %, 215.67 W, 1215 MHz, 877 MHz, P0
2026/02/11 11:35:47.857, 82, 100 %, 51 %, 221.24 W, 1215 MHz, 877 MHz, P0
2026/02/11 11:35:48.865, 82, 100 %, 50 %, 228.21 W, 1215 MHz, 877 MHz, P0
2026/02/11 11:35:49.873, 82, 100 %, 52 %, 230.12 W, 1207 MHz, 877 MHz, P0
2026/02/11 11:35:50.885, 82, 100 %, 51 %, 218.53 W, 1207 MHz, 877 MHz, P0
2026/02/11 11:35:51.891, 82, 100 %, 50 %, 217.91 W, 1222 MHz, 877 MHz, P0
2026/02/11 11:35:52.900, 82, 100 %, 51 %, 224.56 W, 1215 MHz, 877 MHz, P0
2026/02/11 11:35:53.907, 82, 100 %, 53 %, 229.16 W, 1207 MHz, 877 MHz, P0
2026/02/11 11:35:54.917, 82, 100 %, 51 %, 230.59 W, 1207 MHz, 877 MHz, P0
2026/02/11 11:35:55.927, 82, 100 %, 49 %, 218.53 W, 1215 MHz, 877 MHz, P0
2026/02/11 11:35:56.936, 82, 100 %, 52 %, 228.69 W, 1207 MHz, 877 MHz, P0
2026/02/11 11:35:57.945, 82, 100 %, 51 %, 227.89 W, 1207 MHz, 877 MHz, P0
2026/02/11 11:35:58.952, 82, 100 %, 51 %, 216.63 W, 1215 MHz, 877 MHz, P0
2026/02/11 11:35:59.963, 82, 100 %, 51 %, 222.66 W, 1215 MHz, 877 MHz, P0
2026/02/11 11:36:00.969, 82, 100 %, 52 %, 228.21 W, 1215 MHz, 877 MHz, P0
2026/02/11 11:36:01.978, 82, 100 %, 52 %, 231.07 W, 1207 MHz, 877 MHz, P0
2026/02/11 11:36:02.990, 82, 100 %, 51 %, 217.91 W, 1207 MHz, 877 MHz, P0
2026/02/11 11:36:03.997, 82, 100 %, 50 %, 216.15 W, 1230 MHz, 877 MHz, P0
2026/02/11 11:36:05.006, 82, 100 %, 52 %, 225.04 W, 1215 MHz, 877 MHz, P0
2026/02/11 11:36:06.013, 82, 100 %, 51 %, 223.14 W, 1200 MHz, 877 MHz, P0
2026/02/11 11:36:07.023, 82, 100 %, 51 %, 215.67 W, 1207 MHz, 877 MHz, P0
2026/02/11 11:36:08.031, 82, 100 %, 51 %, 219.81 W, 1215 MHz, 877 MHz, P0
2026/02/11 11:36:09.042, 82, 100 %, 52 %, 225.99 W, 1215 MHz, 877 MHz, P0
2026/02/11 11:36:10.049, 82, 100 %, 50 %, 223.61 W, 1192 MHz, 877 MHz, P0
2026/02/11 11:36:11.060, 82, 100 %, 51 %, 224.09 W, 1192 MHz, 877 MHz, P0
2026/02/11 11:36:12.069, 82, 100 %, 49 %, 224.09 W, 1192 MHz, 877 MHz, P0
2026/02/11 11:36:13.077, 82, 100 %, 49 %, 220.76 W, 1192 MHz, 877 MHz, P0
2026/02/11 11:36:14.086, 82, 100 %, 50 %, 220.76 W, 1192 MHz, 877 MHz, P0
2026/02/11 11:36:15.095, 82, 100 %, 50 %, 214.25 W, 1185 MHz, 877 MHz, P0
2026/02/11 11:36:16.106, 82, 100 %, 50 %, 212.82 W, 1185 MHz, 877 MHz, P0
2026/02/11 11:36:17.116, 82, 100 %, 52 %, 238.03 W, 1222 MHz, 877 MHz, P0
2026/02/11 11:36:18.125, 82, 100 %, 51 %, 220.76 W, 1237 MHz, 877 MHz, P0
2026/02/11 11:36:19.131, 82, 100 %, 52 %, 212.82 W, 1200 MHz, 877 MHz, P0
2026/02/11 11:36:20.141, 82, 100 %, 51 %, 210.44 W, 1192 MHz, 877 MHz, P0
2026/02/11 11:36:21.150, 82, 100 %, 52 %, 210.11 W, 1192 MHz, 877 MHz, P0
2026/02/11 11:36:22.159, 82, 100 %, 52 %, 213.29 W, 1192 MHz, 877 MHz, P0
2026/02/11 11:36:23.170, 82, 100 %, 51 %, 211.39 W, 1192 MHz, 877 MHz, P0
2026/02/11 11:36:24.180, 82, 100 %, 50 %, 218.38 W, 1200 MHz, 877 MHz, P0
2026/02/11 11:36:25.192, 82, 100 %, 51 %, 219.33 W, 1192 MHz, 877 MHz, P0
2026/02/11 11:36:26.210, 82, 100 %, 51 %, 217.91 W, 1192 MHz, 877 MHz, P0
2026/02/11 11:36:27.225, 82, 100 %, 52 %, 215.20 W, 1207 MHz, 877 MHz, P0
2026/02/11 11:36:28.235, 82, 100 %, 51 %, 216.63 W, 1215 MHz, 877 MHz, P0
2026/02/11 11:36:29.241, 82, 100 %, 50 %, 217.58 W, 1200 MHz, 877 MHz, P0
2026/02/11 11:36:30.244, 82, 100 %, 48 %, 203.44 W, 1162 MHz, 877 MHz, P0
2026/02/11 11:36:31.251, 82, 100 %, 49 %, 213.77 W, 1170 MHz, 877 MHz, P0
2026/02/11 11:36:32.255, 82, 100 %, 48 %, 211.87 W, 1170 MHz, 877 MHz, P0
2026/02/11 11:36:33.259, 81, 100 %, 50 %, 211.39 W, 1170 MHz, 877 MHz, P0
2026/02/11 11:36:34.265, 81, 100 %, 50 %, 205.82 W, 1177 MHz, 877 MHz, P0
2026/02/11 11:36:35.268, 81, 100 %, 48 %, 203.92 W, 1162 MHz, 877 MHz, P0
2026/02/11 11:36:36.269, 81, 100 %, 49 %, 213.77 W, 1162 MHz, 877 MHz, P0
2026/02/11 11:36:37.292, 81, 100 %, 49 %, 207.73 W, 1170 MHz, 877 MHz, P0
2026/02/11 11:36:38.302, 81, 100 %, 50 %, 202.96 W, 1170 MHz, 877 MHz, P0
2026/02/11 11:36:39.306, 81, 100 %, 49 %, 211.06 W, 1170 MHz, 877 MHz, P0
2026/02/11 11:36:40.309, 81, 100 %, 48 %, 212.82 W, 1170 MHz, 877 MHz, P0
2026/02/11 11:36:41.313, 81, 100 %, 48 %, 210.92 W, 1170 MHz, 877 MHz, P0
2026/02/11 11:36:42.318, 81, 100 %, 48 %, 207.73 W, 1170 MHz, 877 MHz, P0
2026/02/11 11:36:43.323, 81, 100 %, 49 %, 201.67 W, 1185 MHz, 877 MHz, P0
2026/02/11 11:36:44.329, 81, 100 %, 50 %, 203.92 W, 1162 MHz, 877 MHz, P0
2026/02/11 11:36:45.337, 81, 100 %, 49 %, 212.34 W, 1170 MHz, 877 MHz, P0
2026/02/11 11:36:46.349, 81, 100 %, 49 %, 211.39 W, 1170 MHz, 877 MHz, P0
2026/02/11 11:36:47.359, 81, 100 %, 54 %, 207.73 W, 1155 MHz, 877 MHz, P0
2026/02/11 11:36:48.406, 81, 100 %, 50 %, 203.92 W, 1170 MHz, 877 MHz, P0
2026/02/11 11:36:49.407, 81, 100 %, 49 %, 203.44 W, 1162 MHz, 877 MHz, P0
2026/02/11 11:36:50.448, 81, 100 %, 46 %, 203.44 W, 1170 MHz, 877 MHz, P0
2026/02/11 11:36:51.453, 81, 100 %, 47 %, 204.87 W, 1170 MHz, 877 MHz, P0
2026/02/11 11:36:52.461, 81, 100 %, 48 %, 212.82 W, 1170 MHz, 877 MHz, P0
2026/02/11 11:36:53.470, 81, 100 %, 49 %, 211.87 W, 1170 MHz, 877 MHz, P0
2026/02/11 11:36:54.481, 81, 100 %, 50 %, 208.68 W, 1162 MHz, 877 MHz, P0
2026/02/11 11:36:55.490, 81, 100 %, 49 %, 208.20 W, 1170 MHz, 877 MHz, P0
2026/02/11 11:36:56.498, 81, 100 %, 51 %, 204.39 W, 1177 MHz, 877 MHz, P0
2026/02/11 11:36:57.526, 81, 100 %, 55 %, 138.95 W, 1290 MHz, 877 MHz, P0
2026/02/11 11:36:58.528, 80, 100 %, 46 %, 192.27 W, 1117 MHz, 877 MHz, P0
2026/02/11 11:36:59.530, 81, 100 %, 49 %, 198.34 W, 1155 MHz, 877 MHz, P0
2026/02/11 11:37:00.535, 81, 100 %, 52 %, 210.44 W, 1200 MHz, 877 MHz, P0
2026/02/11 11:37:01.544, 81, 100 %, 51 %, 209.96 W, 1200 MHz, 877 MHz, P0
2026/02/11 11:37:02.552, 81, 100 %, 50 %, 210.44 W, 1192 MHz, 877 MHz, P0
2026/02/11 11:37:03.560, 81, 100 %, 51 %, 209.63 W, 1200 MHz, 877 MHz, P0
2026/02/11 11:37:04.568, 82, 100 %, 51 %, 211.87 W, 1192 MHz, 877 MHz, P0
2026/02/11 11:37:05.575, 82, 100 %, 50 %, 209.63 W, 1192 MHz, 877 MHz, P0
2026/02/11 11:37:06.585, 82, 100 %, 50 %, 210.92 W, 1192 MHz, 877 MHz, P0
2026/02/11 11:37:07.594, 82, 100 %, 50 %, 211.39 W, 1192 MHz, 877 MHz, P0
2026/02/11 11:37:08.602, 79, 100 %, 42 %, 153.10 W, 967 MHz, 877 MHz, P0
2026/02/11 11:37:09.613, 80, 100 %, 48 %, 197.38 W, 1170 MHz, 877 MHz, P0
2026/02/11 11:37:10.614, 81, 100 %, 52 %, 221.71 W, 1215 MHz, 877 MHz, P0
2026/02/11 11:37:11.626, 81, 100 %, 52 %, 225.36 W, 1215 MHz, 877 MHz, P0
2026/02/11 11:37:12.634, 82, 100 %, 50 %, 228.21 W, 1207 MHz, 877 MHz, P0
2026/02/11 11:37:13.645, 82, 100 %, 51 %, 225.51 W, 1207 MHz, 877 MHz, P0
2026/02/11 11:37:14.650, 82, 100 %, 50 %, 217.58 W, 1200 MHz, 877 MHz, P0
2026/02/11 11:37:15.663, 82, 100 %, 52 %, 211.39 W, 1200 MHz, 877 MHz, P0
2026/02/11 11:37:16.670, 82, 100 %, 50 %, 209.63 W, 1200 MHz, 877 MHz, P0
2026/02/11 11:37:17.680, 82, 100 %, 49 %, 199.76 W, 1155 MHz, 877 MHz, P0
2026/02/11 11:37:18.685, 82, 100 %, 51 %, 221.71 W, 1207 MHz, 877 MHz, P0
2026/02/11 11:37:19.699, 82, 100 %, 51 %, 214.72 W, 1192 MHz, 877 MHz, P0
2026/02/11 11:37:20.708, 82, 100 %, 50 %, 214.25 W, 1192 MHz, 877 MHz, P0
2026/02/11 11:37:21.716, 82, 100 %, 48 %, 201.67 W, 1170 MHz, 877 MHz, P0
2026/02/11 11:37:22.732, 81, 100 %, 50 %, 198.34 W, 1155 MHz, 877 MHz, P0
2026/02/11 11:37:23.743, 81, 100 %, 47 %, 208.68 W, 1155 MHz, 877 MHz, P0
2026/02/11 11:37:24.756, 81, 100 %, 49 %, 207.25 W, 1162 MHz, 877 MHz, P0
2026/02/11 11:37:25.760, 81, 100 %, 49 %, 201.19 W, 1170 MHz, 877 MHz, P0
2026/02/11 11:37:26.772, 81, 100 %, 47 %, 198.81 W, 1155 MHz, 877 MHz, P0
2026/02/11 11:37:27.781, 81, 100 %, 48 %, 211.39 W, 1155 MHz, 877 MHz, P0
2026/02/11 11:37:28.810, 80, 100 %, 54 %, 177.61 W, 1290 MHz, 877 MHz, P0
2026/02/11 11:37:29.812, 79, 100 %, 43 %, 175.82 W, 1057 MHz, 877 MHz, P0
2026/02/11 11:37:30.831, 80, 100 %, 49 %, 215.67 W, 1192 MHz, 877 MHz, P0
2026/02/11 11:37:31.850, 81, 100 %, 50 %, 221.71 W, 1192 MHz, 877 MHz, P0
2026/02/11 11:37:32.889, 81, 100 %, 50 %, 212.34 W, 1192 MHz, 877 MHz, P0
2026/02/11 11:37:33.899, 82, 100 %, 49 %, 220.29 W, 1185 MHz, 877 MHz, P0
2026/02/11 11:37:34.901, 82, 100 %, 49 %, 220.29 W, 1185 MHz, 877 MHz, P0
2026/02/11 11:37:35.908, 82, 100 %, 49 %, 220.29 W, 1185 MHz, 877 MHz, P0
2026/02/11 11:37:36.911, 82, 100 %, 48 %, 217.58 W, 1177 MHz, 877 MHz, P0
2026/02/11 11:37:37.916, 82, 100 %, 50 %, 215.67 W, 1177 MHz, 877 MHz, P0
2026/02/11 11:37:38.920, 82, 100 %, 49 %, 211.87 W, 1185 MHz, 877 MHz, P0
2026/02/11 11:37:39.926, 82, 100 %, 50 %, 225.99 W, 1192 MHz, 877 MHz, P0
2026/02/11 11:37:40.941, 82, 100 %, 47 %, 178.68 W, 1110 MHz, 877 MHz, P0
2026/02/11 11:37:41.983, 81, 100 %, 46 %, 198.81 W, 1117 MHz, 877 MHz, P0
2026/02/11 11:37:43.017, 81, 100 %, 47 %, 189.89 W, 1125 MHz, 877 MHz, P0
2026/02/11 11:37:44.024, 81, 100 %, 48 %, 198.81 W, 1140 MHz, 877 MHz, P0
2026/02/11 11:37:45.025, 81, 100 %, 47 %, 192.27 W, 1132 MHz, 877 MHz, P0
2026/02/11 11:37:46.034, 81, 100 %, 47 %, 198.81 W, 1140 MHz, 877 MHz, P0
2026/02/11 11:37:47.037, 81, 100 %, 48 %, 191.32 W, 1132 MHz, 877 MHz, P0
2026/02/11 11:37:48.042, 81, 100 %, 48 %, 203.44 W, 1140 MHz, 877 MHz, P0
2026/02/11 11:37:49.082, 80, 100 %, 48 %, 196.90 W, 1140 MHz, 877 MHz, P0
2026/02/11 11:37:50.087, 81, 100 %, 57 %, 217.43 W, 1215 MHz, 877 MHz, P0
2026/02/11 11:37:51.124, 82, 100 %, 52 %, 222.66 W, 1230 MHz, 877 MHz, P0
2026/02/11 11:37:52.128, 82, 100 %, 52 %, 225.36 W, 1215 MHz, 877 MHz, P0
2026/02/11 11:37:53.132, 82, 100 %, 51 %, 222.19 W, 1200 MHz, 877 MHz, P0
2026/02/11 11:37:54.136, 81, 100 %, 47 %, 188.46 W, 1132 MHz, 877 MHz, P0
2026/02/11 11:37:55.184, 81, 100 %, 47 %, 183.81 W, 1117 MHz, 877 MHz, P0
2026/02/11 11:37:56.207, 81, 100 %, 49 %, 200.24 W, 1147 MHz, 877 MHz, P0
2026/02/11 11:37:57.215, 81, 100 %, 46 %, 194.18 W, 1140 MHz, 877 MHz, P0
2026/02/11 11:37:58.224, 81, 100 %, 48 %, 204.39 W, 1140 MHz, 877 MHz, P0
2026/02/11 11:37:59.271, 81, 100 %, 48 %, 202.01 W, 1147 MHz, 877 MHz, P0
2026/02/11 11:38:00.272, 81, 100 %, 47 %, 192.75 W, 1140 MHz, 877 MHz, P0
2026/02/11 11:38:01.316, 79, 100 %, 44 %, 172.00 W, 1027 MHz, 877 MHz, P0
2026/02/11 11:38:02.347, 80, 100 %, 48 %, 209.01 W, 1207 MHz, 877 MHz, P0
2026/02/11 11:38:03.364, 81, 100 %, 50 %, 223.14 W, 1215 MHz, 877 MHz, P0
2026/02/11 11:38:04.371, 82, 100 %, 52 %, 228.69 W, 1207 MHz, 877 MHz, P0
2026/02/11 11:38:05.381, 82, 100 %, 51 %, 226.31 W, 1207 MHz, 877 MHz, P0
2026/02/11 11:38:06.388, 82, 100 %, 51 %, 218.05 W, 1200 MHz, 877 MHz, P0
2026/02/11 11:38:07.397, 82, 100 %, 47 %, 212.82 W, 1162 MHz, 877 MHz, P0
2026/02/11 11:38:08.406, 82, 100 %, 49 %, 213.29 W, 1170 MHz, 877 MHz, P0
2026/02/11 11:38:09.420, 82, 100 %, 49 %, 208.20 W, 1162 MHz, 877 MHz, P0
2026/02/11 11:38:10.429, 81, 100 %, 50 %, 208.68 W, 1177 MHz, 877 MHz, P0
2026/02/11 11:38:11.437, 82, 100 %, 50 %, 228.21 W, 1177 MHz, 877 MHz, P0
2026/02/11 11:38:12.449, 82, 100 %, 50 %, 207.73 W, 1162 MHz, 877 MHz, P0
2026/02/11 11:38:13.455, 81, 100 %, 48 %, 201.19 W, 1177 MHz, 877 MHz, P0
2026/02/11 11:38:14.470, 81, 100 %, 47 %, 194.52 W, 1155 MHz, 877 MHz, P0
2026/02/11 11:38:15.483, 81, 100 %, 48 %, 207.73 W, 1155 MHz, 877 MHz, P0
2026/02/11 11:38:16.495, 81, 100 %, 49 %, 207.73 W, 1162 MHz, 877 MHz, P0
2026/02/11 11:38:17.502, 81, 100 %, 48 %, 200.72 W, 1162 MHz, 877 MHz, P0
2026/02/11 11:38:18.513, 81, 100 %, 47 %, 201.54 W, 1155 MHz, 877 MHz, P0
2026/02/11 11:38:19.522, 81, 100 %, 49 %, 209.96 W, 1155 MHz, 877 MHz, P0
2026/02/11 11:38:20.531, 81, 100 %, 49 %, 206.30 W, 1162 MHz, 877 MHz, P0
2026/02/11 11:38:21.540, 82, 100 %, 55 %, 233.29 W, 1237 MHz, 877 MHz, P0
2026/02/11 11:38:22.541, 82, 100 %, 47 %, 207.25 W, 1162 MHz, 877 MHz, P0
2026/02/11 11:38:23.554, 82, 100 %, 47 %, 195.48 W, 1147 MHz, 877 MHz, P0
2026/02/11 11:38:24.561, 81, 100 %, 47 %, 207.25 W, 1155 MHz, 877 MHz, P0
2026/02/11 11:38:25.571, 81, 100 %, 49 %, 204.39 W, 1155 MHz, 877 MHz, P0
2026/02/11 11:38:26.581, 81, 100 %, 47 %, 200.72 W, 1155 MHz, 877 MHz, P0
2026/02/11 11:38:27.583, 81, 100 %, 47 %, 207.25 W, 1155 MHz, 877 MHz, P0
2026/02/11 11:38:28.591, 81, 100 %, 47 %, 204.87 W, 1155 MHz, 877 MHz, P0
2026/02/11 11:38:29.603, 81, 100 %, 48 %, 201.19 W, 1162 MHz, 877 MHz, P0
2026/02/11 11:38:30.613, 81, 100 %, 47 %, 198.34 W, 1155 MHz, 877 MHz, P0
2026/02/11 11:38:31.625, 81, 100 %, 48 %, 205.82 W, 1155 MHz, 877 MHz, P0
2026/02/11 11:38:32.630, 82, 100 %, 51 %, 210.92 W, 1192 MHz, 877 MHz, P0
2026/02/11 11:38:33.647, 82, 100 %, 49 %, 200.24 W, 1155 MHz, 877 MHz, P0
2026/02/11 11:38:34.661, 82, 100 %, 48 %, 207.73 W, 1147 MHz, 877 MHz, P0
2026/02/11 11:38:35.702, 81, 100 %, 47 %, 206.30 W, 1155 MHz, 877 MHz, P0
2026/02/11 11:38:36.707, 81, 100 %, 49 %, 206.77 W, 1162 MHz, 877 MHz, P0
2026/02/11 11:38:37.718, 82, 100 %, 50 %, 201.19 W, 1162 MHz, 877 MHz, P0
2026/02/11 11:38:38.732, 82, 100 %, 48 %, 207.73 W, 1147 MHz, 877 MHz, P0
2026/02/11 11:38:39.766, 81, 100 %, 48 %, 201.67 W, 1155 MHz, 877 MHz, P0
2026/02/11 11:38:40.783, 81, 100 %, 48 %, 209.96 W, 1155 MHz, 877 MHz, P0
2026/02/11 11:38:41.801, 81, 100 %, 49 %, 204.39 W, 1155 MHz, 877 MHz, P0
2026/02/11 11:38:42.816, 82, 100 %, 50 %, 220.76 W, 1192 MHz, 877 MHz, P0
2026/02/11 11:38:43.828, 82, 100 %, 47 %, 210.44 W, 1155 MHz, 877 MHz, P0
2026/02/11 11:38:44.836, 82, 100 %, 47 %, 198.81 W, 1147 MHz, 877 MHz, P0
2026/02/11 11:38:45.838, 81, 100 %, 45 %, 203.44 W, 1132 MHz, 877 MHz, P0
2026/02/11 11:38:46.867, 81, 100 %, 47 %, 204.39 W, 1140 MHz, 877 MHz, P0
2026/02/11 11:38:47.872, 81, 100 %, 47 %, 193.57 W, 1147 MHz, 877 MHz, P0
2026/02/11 11:38:48.876, 81, 100 %, 47 %, 205.82 W, 1140 MHz, 877 MHz, P0
2026/02/11 11:38:49.882, 81, 100 %, 47 %, 195.48 W, 1147 MHz, 877 MHz, P0
2026/02/11 11:38:50.885, 81, 100 %, 47 %, 204.87 W, 1140 MHz, 877 MHz, P0
2026/02/11 11:38:51.893, 81, 100 %, 49 %, 196.43 W, 1147 MHz, 877 MHz, P0
2026/02/11 11:38:52.894, 81, 100 %, 47 %, 201.54 W, 1140 MHz, 877 MHz, P0
2026/02/11 11:38:53.897, 79, 100 %, 43 %, 170.20 W, 1027 MHz, 877 MHz, P0
2026/02/11 11:38:54.899, 80, 100 %, 46 %, 195.95 W, 1117 MHz, 877 MHz, P0
2026/02/11 11:38:55.918, 81, 100 %, 50 %, 215.20 W, 1170 MHz, 877 MHz, P0
2026/02/11 11:38:56.922, 81, 100 %, 50 %, 212.82 W, 1177 MHz, 877 MHz, P0
2026/02/11 11:38:57.925, 81, 100 %, 47 %, 204.87 W, 1185 MHz, 877 MHz, P0
2026/02/11 11:38:58.931, 82, 100 %, 47 %, 204.39 W, 1170 MHz, 877 MHz, P0
2026/02/11 11:38:59.935, 81, 100 %, 49 %, 207.73 W, 1170 MHz, 877 MHz, P0
2026/02/11 11:39:00.942, 82, 100 %, 48 %, 213.29 W, 1170 MHz, 877 MHz, P0
2026/02/11 11:39:01.953, 82, 100 %, 49 %, 211.39 W, 1155 MHz, 877 MHz, P0
2026/02/11 11:39:02.963, 81, 100 %, 49 %, 203.10 W, 1155 MHz, 877 MHz, P0
2026/02/11 11:39:03.973, 82, 100 %, 51 %, 228.21 W, 1207 MHz, 877 MHz, P0
2026/02/11 11:39:04.993, 81, 100 %, 47 %, 203.92 W, 1155 MHz, 877 MHz, P0
2026/02/11 11:39:06.010, 81, 100 %, 50 %, 198.81 W, 1155 MHz, 877 MHz, P0
2026/02/11 11:39:07.019, 81, 100 %, 46 %, 207.73 W, 1155 MHz, 877 MHz, P0
2026/02/11 11:39:08.026, 81, 100 %, 48 %, 202.15 W, 1155 MHz, 877 MHz, P0
2026/02/11 11:39:09.037, 81, 100 %, 47 %, 192.27 W, 1140 MHz, 877 MHz, P0
2026/02/11 11:39:10.045, 81, 100 %, 50 %, 205.34 W, 1155 MHz, 877 MHz, P0
2026/02/11 11:39:11.056, 81, 100 %, 46 %, 202.01 W, 1155 MHz, 877 MHz, P0
2026/02/11 11:39:12.067, 81, 100 %, 47 %, 194.65 W, 1147 MHz, 877 MHz, P0
2026/02/11 11:39:13.081, 81, 100 %, 49 %, 206.77 W, 1155 MHz, 877 MHz, P0
2026/02/11 11:39:14.089, 81, 100 %, 47 %, 203.92 W, 1155 MHz, 877 MHz, P0
2026/02/11 11:39:15.099, 82, 100 %, 50 %, 208.68 W, 1162 MHz, 877 MHz, P0
2026/02/11 11:39:16.104, 81, 100 %, 50 %, 195.48 W, 1147 MHz, 877 MHz, P0
2026/02/11 11:39:17.166, 81, 100 %, 47 %, 195.00 W, 1132 MHz, 877 MHz, P0
2026/02/11 11:39:18.173, 81, 100 %, 47 %, 202.01 W, 1140 MHz, 877 MHz, P0
2026/02/11 11:39:19.184, 81, 100 %, 49 %, 200.24 W, 1140 MHz, 877 MHz, P0
2026/02/11 11:39:20.247, 81, 100 %, 46 %, 196.90 W, 1140 MHz, 877 MHz, P0
2026/02/11 11:39:21.257, 81, 100 %, 46 %, 194.05 W, 1140 MHz, 877 MHz, P0
2026/02/11 11:39:22.269, 81, 100 %, 46 %, 198.81 W, 1140 MHz, 877 MHz, P0
2026/02/11 11:39:23.284, 81, 100 %, 46 %, 193.70 W, 1140 MHz, 877 MHz, P0
2026/02/11 11:39:24.293, 81, 100 %, 48 %, 201.19 W, 1125 MHz, 877 MHz, P0
2026/02/11 11:39:25.335, 82, 100 %, 53 %, 228.21 W, 1230 MHz, 877 MHz, P0
2026/02/11 11:39:26.349, 82, 100 %, 49 %, 198.81 W, 1162 MHz, 877 MHz, P0
2026/02/11 11:39:27.362, 81, 100 %, 48 %, 209.49 W, 1155 MHz, 877 MHz, P0
2026/02/11 11:39:28.368, 81, 100 %, 48 %, 203.92 W, 1147 MHz, 877 MHz, P0
2026/02/11 11:39:29.377, 81, 100 %, 48 %, 195.00 W, 1147 MHz, 877 MHz, P0
2026/02/11 11:39:30.388, 81, 100 %, 46 %, 206.30 W, 1140 MHz, 877 MHz, P0
2026/02/11 11:39:31.390, 81, 100 %, 50 %, 200.24 W, 1155 MHz, 877 MHz, P0
2026/02/11 11:39:32.402, 81, 100 %, 46 %, 189.89 W, 1140 MHz, 877 MHz, P0
2026/02/11 11:39:33.419, 81, 100 %, 47 %, 206.77 W, 1140 MHz, 877 MHz, P0
2026/02/11 11:39:34.470, 81, 100 %, 47 %, 203.92 W, 1140 MHz, 877 MHz, P0
2026/02/11 11:39:35.482, 81, 100 %, 52 %, 210.44 W, 1170 MHz, 877 MHz, P0
2026/02/11 11:39:36.522, 82, 100 %, 48 %, 196.43 W, 1162 MHz, 877 MHz, P0
2026/02/11 11:39:37.534, 81, 100 %, 46 %, 199.76 W, 1117 MHz, 877 MHz, P0
2026/02/11 11:39:38.580, 81, 100 %, 47 %, 195.48 W, 1132 MHz, 877 MHz, P0
2026/02/11 11:39:39.630, 81, 100 %, 48 %, 192.27 W, 1132 MHz, 877 MHz, P0
2026/02/11 11:39:40.645, 81, 100 %, 46 %, 199.29 W, 1117 MHz, 877 MHz, P0
2026/02/11 11:39:41.676, 81, 100 %, 46 %, 188.46 W, 1132 MHz, 877 MHz, P0
2026/02/11 11:39:42.703, 81, 100 %, 48 %, 199.76 W, 1117 MHz, 877 MHz, P0
2026/02/11 11:39:43.747, 81, 100 %, 46 %, 198.34 W, 1125 MHz, 877 MHz, P0
2026/02/11 11:39:44.800, 81, 100 %, 47 %, 197.38 W, 1132 MHz, 877 MHz, P0
2026/02/11 11:39:45.820, 81, 100 %, 46 %, 187.50 W, 1117 MHz, 877 MHz, P0
2026/02/11 11:39:46.838, 80, 100 %, 45 %, 189.06 W, 1117 MHz, 877 MHz, P0
2026/02/11 11:39:47.858, 80, 100 %, 47 %, 194.52 W, 1132 MHz, 877 MHz, P0
2026/02/11 11:39:48.905, 81, 100 %, 45 %, 187.98 W, 1132 MHz, 877 MHz, P0
2026/02/11 11:39:49.926, 81, 100 %, 47 %, 201.54 W, 1140 MHz, 877 MHz, P0
2026/02/11 11:39:50.941, 81, 100 %, 48 %, 200.24 W, 1147 MHz, 877 MHz, P0
2026/02/11 11:39:51.945, 81, 100 %, 46 %, 202.01 W, 1140 MHz, 877 MHz, P0
2026/02/11 11:39:52.951, 81, 100 %, 47 %, 200.72 W, 1147 MHz, 877 MHz, P0
2026/02/11 11:39:53.955, 81, 100 %, 47 %, 196.08 W, 1140 MHz, 877 MHz, P0
2026/02/11 11:39:54.958, 81, 100 %, 50 %, 205.34 W, 1155 MHz, 877 MHz, P0
2026/02/11 11:39:55.965, 81, 100 %, 47 %, 193.09 W, 1140 MHz, 877 MHz, P0
2026/02/11 11:39:56.968, 81, 100 %, 50 %, 182.86 W, 1125 MHz, 877 MHz, P0
2026/02/11 11:39:57.988, 81, 100 %, 48 %, 202.15 W, 1140 MHz, 877 MHz, P0
2026/02/11 11:39:59.005, 81, 100 %, 46 %, 198.81 W, 1147 MHz, 877 MHz, P0
2026/02/11 11:40:00.010, 81, 100 %, 47 %, 201.54 W, 1140 MHz, 877 MHz, P0
2026/02/11 11:40:01.015, 81, 100 %, 48 %, 199.76 W, 1147 MHz, 877 MHz, P0
2026/02/11 11:40:02.020, 81, 100 %, 47 %, 202.49 W, 1140 MHz, 877 MHz, P0
2026/02/11 11:40:03.025, 81, 100 %, 48 %, 200.72 W, 1147 MHz, 877 MHz, P0
2026/02/11 11:40:04.030, 81, 100 %, 48 %, 187.98 W, 1140 MHz, 877 MHz, P0
2026/02/11 11:40:05.034, 81, 100 %, 49 %, 203.44 W, 1140 MHz, 877 MHz, P0
2026/02/11 11:40:06.044, 81, 100 %, 47 %, 194.52 W, 1147 MHz, 877 MHz, P0
2026/02/11 11:40:07.059, 81, 100 %, 47 %, 200.72 W, 1140 MHz, 877 MHz, P0
2026/02/11 11:40:08.065, 81, 100 %, 48 %, 204.39 W, 1140 MHz, 877 MHz, P0
2026/02/11 11:40:09.082, 81, 100 %, 50 %, 199.29 W, 1147 MHz, 877 MHz, P0
2026/02/11 11:40:10.097, 81, 100 %, 46 %, 202.49 W, 1140 MHz, 877 MHz, P0
2026/02/11 11:40:11.099, 81, 100 %, 48 %, 201.19 W, 1147 MHz, 877 MHz, P0
2026/02/11 11:40:12.112, 81, 100 %, 47 %, 193.70 W, 1147 MHz, 877 MHz, P0
2026/02/11 11:40:13.126, 81, 100 %, 47 %, 204.39 W, 1140 MHz, 877 MHz, P0
2026/02/11 11:40:14.135, 81, 100 %, 47 %, 197.86 W, 1147 MHz, 877 MHz, P0
2026/02/11 11:40:15.154, 81, 100 %, 47 %, 194.52 W, 1140 MHz, 877 MHz, P0
2026/02/11 11:40:16.164, 81, 100 %, 48 %, 201.54 W, 1147 MHz, 877 MHz, P0
2026/02/11 11:40:17.171, 81, 100 %, 49 %, 194.05 W, 1147 MHz, 877 MHz, P0
2026/02/11 11:40:18.188, 80, 100 %, 53 %, 164.36 W, 1290 MHz, 877 MHz, P0
2026/02/11 11:40:19.190, 80, 100 %, 44 %, 190.36 W, 1117 MHz, 877 MHz, P0
2026/02/11 11:40:20.208, 80, 100 %, 46 %, 193.57 W, 1110 MHz, 877 MHz, P0
2026/02/11 11:40:21.218, 80, 100 %, 47 %, 193.70 W, 1147 MHz, 877 MHz, P0
2026/02/11 11:40:22.232, 81, 100 %, 48 %, 202.49 W, 1147 MHz, 877 MHz, P0
2026/02/11 11:40:23.237, 81, 100 %, 48 %, 195.95 W, 1147 MHz, 877 MHz, P0
2026/02/11 11:40:24.255, 81, 100 %, 46 %, 187.02 W, 1132 MHz, 877 MHz, P0
2026/02/11 11:40:25.275, 81, 100 %, 50 %, 209.01 W, 1155 MHz, 877 MHz, P0
2026/02/11 11:40:26.285, 81, 100 %, 47 %, 195.48 W, 1155 MHz, 877 MHz, P0
2026/02/11 11:40:27.310, 81, 100 %, 49 %, 200.24 W, 1162 MHz, 877 MHz, P0
2026/02/11 11:40:28.326, 81, 100 %, 48 %, 207.25 W, 1155 MHz, 877 MHz, P0
2026/02/11 11:40:29.329, 82, 100 %, 52 %, 230.59 W, 1245 MHz, 877 MHz, P0
2026/02/11 11:40:30.340, 82, 100 %, 51 %, 217.43 W, 1200 MHz, 877 MHz, P0
2026/02/11 11:40:31.347, 82, 100 %, 47 %, 180.95 W, 1117 MHz, 877 MHz, P0
2026/02/11 11:40:32.365, 81, 100 %, 46 %, 194.52 W, 1125 MHz, 877 MHz, P0
2026/02/11 11:40:33.367, 81, 100 %, 44 %, 196.43 W, 1110 MHz, 877 MHz, P0
2026/02/11 11:40:34.417, 81, 100 %, 48 %, 196.43 W, 1125 MHz, 877 MHz, P0
2026/02/11 11:40:35.430, 81, 100 %, 45 %, 194.52 W, 1117 MHz, 877 MHz, P0
2026/02/11 11:40:36.435, 81, 100 %, 47 %, 192.27 W, 1132 MHz, 877 MHz, P0
2026/02/11 11:40:37.454, 81, 100 %, 47 %, 201.54 W, 1132 MHz, 877 MHz, P0
2026/02/11 11:40:38.491, 81, 100 %, 47 %, 201.06 W, 1125 MHz, 877 MHz, P0
2026/02/11 11:40:39.535, 80, 100 %, 56 %, 136.55 W, 1290 MHz, 877 MHz, P0
2026/02/11 11:40:40.537, 81, 100 %, 48 %, 199.76 W, 1140 MHz, 877 MHz, P0
2026/02/11 11:40:41.554, 81, 100 %, 47 %, 191.66 W, 1132 MHz, 877 MHz, P0
2026/02/11 11:40:42.560, 81, 100 %, 47 %, 204.39 W, 1140 MHz, 877 MHz, P0
2026/02/11 11:40:43.607, 81, 100 %, 47 %, 195.00 W, 1140 MHz, 877 MHz, P0
2026/02/11 11:40:44.633, 81, 100 %, 49 %, 193.57 W, 1140 MHz, 877 MHz, P0
2026/02/11 11:40:45.648, 81, 100 %, 47 %, 202.49 W, 1140 MHz, 877 MHz, P0
2026/02/11 11:40:46.666, 81, 100 %, 47 %, 202.01 W, 1140 MHz, 877 MHz, P0
2026/02/11 11:40:47.711, 81, 100 %, 47 %, 199.76 W, 1140 MHz, 877 MHz, P0
2026/02/11 11:40:48.747, 81, 100 %, 46 %, 191.79 W, 1132 MHz, 877 MHz, P0
2026/02/11 11:40:49.752, 81, 100 %, 45 %, 202.49 W, 1140 MHz, 877 MHz, P0
2026/02/11 11:40:50.761, 78, 100 %, 38 %, 140.38 W, 915 MHz, 877 MHz, P0
2026/02/11 11:40:51.763, 79, 100 %, 46 %, 185.72 W, 1140 MHz, 877 MHz, P0
2026/02/11 11:40:52.769, 80, 100 %, 49 %, 213.29 W, 1170 MHz, 877 MHz, P0
2026/02/11 11:40:53.777, 81, 100 %, 49 %, 220.76 W, 1177 MHz, 877 MHz, P0
2026/02/11 11:40:54.787, 81, 100 %, 50 %, 210.92 W, 1192 MHz, 877 MHz, P0
2026/02/11 11:40:55.797, 82, 100 %, 49 %, 210.44 W, 1185 MHz, 877 MHz, P0
2026/02/11 11:40:56.801, 82, 100 %, 49 %, 209.15 W, 1155 MHz, 877 MHz, P0
2026/02/11 11:40:57.805, 82, 100 %, 49 %, 212.82 W, 1155 MHz, 877 MHz, P0
2026/02/11 11:40:58.821, 82, 100 %, 49 %, 211.39 W, 1170 MHz, 877 MHz, P0
2026/02/11 11:40:59.826, 82, 100 %, 48 %, 197.38 W, 1162 MHz, 877 MHz, P0
2026/02/11 11:41:00.831, 82, 100 %, 48 %, 211.39 W, 1155 MHz, 877 MHz, P0
2026/02/11 11:41:01.835, 82, 100 %, 49 %, 206.77 W, 1162 MHz, 877 MHz, P0
2026/02/11 11:41:02.853, 81, 100 %, 46 %, 180.95 W, 1102 MHz, 877 MHz, P0
2026/02/11 11:41:03.881, 81, 100 %, 46 %, 185.59 W, 1125 MHz, 877 MHz, P0
2026/02/11 11:41:04.882, 81, 100 %, 46 %, 194.05 W, 1125 MHz, 877 MHz, P0
2026/02/11 11:41:05.884, 81, 100 %, 44 %, 195.00 W, 1102 MHz, 877 MHz, P0
2026/02/11 11:41:06.919, 81, 100 %, 46 %, 189.41 W, 1117 MHz, 877 MHz, P0
2026/02/11 11:41:07.925, 81, 100 %, 48 %, 191.32 W, 1110 MHz, 877 MHz, P0
2026/02/11 11:41:08.927, 81, 100 %, 44 %, 195.95 W, 1102 MHz, 877 MHz, P0
2026/02/11 11:41:09.978, 80, 100 %, 48 %, 195.48 W, 1125 MHz, 877 MHz, P0
2026/02/11 11:41:10.982, 80, 100 %, 45 %, 195.48 W, 1117 MHz, 877 MHz, P0
2026/02/11 11:41:12.000, 80, 100 %, 48 %, 197.38 W, 1117 MHz, 877 MHz, P0
2026/02/11 11:41:13.040, 80, 100 %, 46 %, 186.07 W, 1117 MHz, 877 MHz, P0
2026/02/11 11:41:14.042, 81, 100 %, 47 %, 202.96 W, 1147 MHz, 877 MHz, P0
2026/02/11 11:41:15.045, 81, 100 %, 47 %, 195.48 W, 1155 MHz, 877 MHz, P0
2026/02/11 11:41:16.063, 81, 100 %, 49 %, 198.34 W, 1140 MHz, 877 MHz, P0
2026/02/11 11:41:17.105, 81, 100 %, 46 %, 202.96 W, 1140 MHz, 877 MHz, P0
2026/02/11 11:41:18.117, 81, 100 %, 47 %, 202.49 W, 1155 MHz, 877 MHz, P0
2026/02/11 11:41:19.129, 81, 100 %, 48 %, 194.52 W, 1140 MHz, 877 MHz, P0
2026/02/11 11:41:20.133, 81, 100 %, 48 %, 202.49 W, 1147 MHz, 877 MHz, P0
2026/02/11 11:41:21.141, 81, 100 %, 46 %, 193.22 W, 1147 MHz, 877 MHz, P0
2026/02/11 11:41:22.179, 81, 100 %, 47 %, 193.22 W, 1140 MHz, 877 MHz, P0
2026/02/11 11:41:23.190, 82, 100 %, 51 %, 229.64 W, 1207 MHz, 877 MHz, P0
2026/02/11 11:41:24.225, 82, 100 %, 47 %, 202.96 W, 1132 MHz, 877 MHz, P0
2026/02/11 11:41:25.254, 81, 100 %, 49 %, 203.44 W, 1140 MHz, 877 MHz, P0
2026/02/11 11:41:26.272, 81, 100 %, 47 %, 196.90 W, 1140 MHz, 877 MHz, P0
2026/02/11 11:41:27.290, 81, 100 %, 48 %, 200.24 W, 1140 MHz, 877 MHz, P0
2026/02/11 11:41:28.298, 81, 100 %, 49 %, 200.72 W, 1147 MHz, 877 MHz, P0
2026/02/11 11:41:29.304, 81, 100 %, 46 %, 201.54 W, 1140 MHz, 877 MHz, P0
2026/02/11 11:41:30.306, 81, 100 %, 46 %, 197.86 W, 1140 MHz, 877 MHz, P0
2026/02/11 11:41:31.320, 81, 100 %, 47 %, 185.59 W, 1140 MHz, 877 MHz, P0
2026/02/11 11:41:32.328, 81, 100 %, 49 %, 199.76 W, 1140 MHz, 877 MHz, P0
2026/02/11 11:41:33.342, 79, 100 %, 38 %, 139.91 W, 907 MHz, 877 MHz, P0
2026/02/11 11:41:34.354, 79, 100 %, 45 %, 189.41 W, 1087 MHz, 877 MHz, P0
2026/02/11 11:41:35.384, 81, 100 %, 51 %, 212.82 W, 1170 MHz, 877 MHz, P0
2026/02/11 11:41:36.390, 81, 100 %, 48 %, 209.49 W, 1170 MHz, 877 MHz, P0
2026/02/11 11:41:37.401, 81, 100 %, 48 %, 209.49 W, 1170 MHz, 877 MHz, P0
2026/02/11 11:41:38.409, 81, 100 %, 48 %, 206.30 W, 1170 MHz, 877 MHz, P0
2026/02/11 11:41:39.428, 82, 100 %, 48 %, 201.67 W, 1177 MHz, 877 MHz, P0
2026/02/11 11:41:40.442, 82, 100 %, 49 %, 202.96 W, 1162 MHz, 877 MHz, P0
2026/02/11 11:41:41.453, 82, 100 %, 49 %, 210.92 W, 1162 MHz, 877 MHz, P0
2026/02/11 11:41:42.461, 82, 100 %, 49 %, 209.15 W, 1140 MHz, 877 MHz, P0
2026/02/11 11:41:43.472, 82, 100 %, 46 %, 194.05 W, 1147 MHz, 877 MHz, P0
2026/02/11 11:41:44.481, 82, 100 %, 49 %, 207.25 W, 1177 MHz, 877 MHz, P0
2026/02/11 11:41:45.483, 82, 100 %, 47 %, 202.49 W, 1125 MHz, 877 MHz, P0
2026/02/11 11:41:46.521, 81, 100 %, 47 %, 201.54 W, 1132 MHz, 877 MHz, P0
2026/02/11 11:41:47.562, 81, 100 %, 47 %, 201.06 W, 1140 MHz, 877 MHz, P0
2026/02/11 11:41:48.576, 81, 100 %, 49 %, 195.95 W, 1140 MHz, 877 MHz, P0
2026/02/11 11:41:49.590, 81, 100 %, 45 %, 201.54 W, 1132 MHz, 877 MHz, P0
2026/02/11 11:41:50.636, 81, 100 %, 47 %, 200.58 W, 1140 MHz, 877 MHz, P0
2026/02/11 11:41:51.647, 81, 100 %, 47 %, 193.57 W, 1147 MHz, 877 MHz, P0
2026/02/11 11:41:52.685, 81, 100 %, 46 %, 187.98 W, 1132 MHz, 877 MHz, P0
2026/02/11 11:41:53.718, 81, 100 %, 46 %, 202.96 W, 1125 MHz, 877 MHz, P0
2026/02/11 11:41:54.754, 82, 100 %, 54 %, 241.67 W, 1237 MHz, 877 MHz, P0
2026/02/11 11:41:55.763, 82, 100 %, 47 %, 198.34 W, 1140 MHz, 877 MHz, P0
2026/02/11 11:41:56.781, 81, 100 %, 46 %, 196.90 W, 1102 MHz, 877 MHz, P0
2026/02/11 11:41:57.810, 81, 100 %, 47 %, 188.93 W, 1110 MHz, 877 MHz, P0
2026/02/11 11:41:58.811, 81, 100 %, 47 %, 193.09 W, 1110 MHz, 877 MHz, P0
2026/02/11 11:41:59.816, 81, 100 %, 45 %, 195.00 W, 1117 MHz, 877 MHz, P0
2026/02/11 11:42:00.817, 81, 100 %, 47 %, 187.02 W, 1125 MHz, 877 MHz, P0
2026/02/11 11:42:01.836, 81, 100 %, 45 %, 186.55 W, 1110 MHz, 877 MHz, P0
2026/02/11 11:42:02.866, 81, 100 %, 47 %, 188.46 W, 1140 MHz, 877 MHz, P0
2026/02/11 11:42:03.883, 81, 100 %, 47 %, 199.29 W, 1140 MHz, 877 MHz, P0
2026/02/11 11:42:04.891, 81, 100 %, 47 %, 195.13 W, 1132 MHz, 877 MHz, P0
2026/02/11 11:42:05.893, 81, 100 %, 47 %, 192.62 W, 1140 MHz, 877 MHz, P0
2026/02/11 11:42:06.910, 81, 100 %, 50 %, 203.92 W, 1140 MHz, 877 MHz, P0
2026/02/11 11:42:07.945, 81, 100 %, 46 %, 201.67 W, 1147 MHz, 877 MHz, P0
2026/02/11 11:42:08.947, 81, 100 %, 47 %, 202.49 W, 1140 MHz, 877 MHz, P0
2026/02/11 11:42:09.952, 81, 100 %, 47 %, 201.06 W, 1147 MHz, 877 MHz, P0
2026/02/11 11:42:10.956, 81, 100 %, 47 %, 193.57 W, 1140 MHz, 877 MHz, P0
2026/02/11 11:42:11.959, 81, 100 %, 48 %, 202.49 W, 1147 MHz, 877 MHz, P0
2026/02/11 11:42:12.966, 81, 100 %, 48 %, 193.70 W, 1140 MHz, 877 MHz, P0
2026/02/11 11:42:13.969, 81, 100 %, 47 %, 204.87 W, 1140 MHz, 877 MHz, P0
2026/02/11 11:42:14.997, 81, 100 %, 47 %, 198.81 W, 1147 MHz, 877 MHz, P0
2026/02/11 11:42:16.000, 82, 100 %, 53 %, 224.56 W, 1215 MHz, 877 MHz, P0
2026/02/11 11:42:17.004, 82, 100 %, 47 %, 194.05 W, 1140 MHz, 877 MHz, P0
2026/02/11 11:42:18.013, 81, 100 %, 47 %, 200.72 W, 1140 MHz, 877 MHz, P0
2026/02/11 11:42:19.015, 81, 100 %, 48 %, 191.32 W, 1132 MHz, 877 MHz, P0
2026/02/11 11:42:20.020, 81, 100 %, 48 %, 197.86 W, 1140 MHz, 877 MHz, P0
2026/02/11 11:42:21.024, 81, 100 %, 46 %, 193.22 W, 1132 MHz, 877 MHz, P0
2026/02/11 11:42:22.031, 81, 100 %, 46 %, 200.58 W, 1140 MHz, 877 MHz, P0
2026/02/11 11:42:23.034, 81, 100 %, 47 %, 198.81 W, 1132 MHz, 877 MHz, P0
2026/02/11 11:42:24.042, 81, 100 %, 48 %, 195.95 W, 1132 MHz, 877 MHz, P0
2026/02/11 11:42:25.044, 81, 100 %, 47 %, 202.49 W, 1132 MHz, 877 MHz, P0
2026/02/11 11:42:26.062, 81, 100 %, 48 %, 197.86 W, 1132 MHz, 877 MHz, P0
2026/02/11 11:42:27.078, 79, 100 %, 39 %, 136.65 W, 945 MHz, 877 MHz, P0
2026/02/11 11:42:28.097, 80, 100 %, 48 %, 198.34 W, 1125 MHz, 877 MHz, P0
2026/02/11 11:42:29.148, 81, 100 %, 49 %, 209.49 W, 1155 MHz, 877 MHz, P0
2026/02/11 11:42:30.195, 81, 100 %, 49 %, 206.77 W, 1155 MHz, 877 MHz, P0
2026/02/11 11:42:31.203, 81, 100 %, 50 %, 202.49 W, 1155 MHz, 877 MHz, P0
2026/02/11 11:42:32.219, 81, 100 %, 48 %, 195.00 W, 1155 MHz, 877 MHz, P0
2026/02/11 11:42:33.235, 81, 100 %, 48 %, 207.25 W, 1155 MHz, 877 MHz, P0
2026/02/11 11:42:34.238, 81, 100 %, 49 %, 203.92 W, 1162 MHz, 877 MHz, P0
2026/02/11 11:42:35.240, 82, 100 %, 48 %, 199.29 W, 1155 MHz, 877 MHz, P0
2026/02/11 11:42:36.241, 82, 100 %, 48 %, 208.54 W, 1140 MHz, 877 MHz, P0
2026/02/11 11:42:37.287, 80, 100 %, 57 %, 191.32 W, 1290 MHz, 877 MHz, P0
2026/02/11 11:42:38.288, 82, 100 %, 49 %, 206.30 W, 1162 MHz, 877 MHz, P0
2026/02/11 11:42:39.301, 81, 100 %, 44 %, 190.36 W, 1102 MHz, 877 MHz, P0
2026/02/11 11:42:40.308, 81, 100 %, 45 %, 190.84 W, 1102 MHz, 877 MHz, P0
2026/02/11 11:42:41.317, 81, 100 %, 46 %, 183.33 W, 1102 MHz, 877 MHz, P0
2026/02/11 11:42:42.333, 81, 100 %, 47 %, 188.93 W, 1110 MHz, 877 MHz, P0
2026/02/11 11:42:43.346, 81, 100 %, 48 %, 190.84 W, 1102 MHz, 877 MHz, P0
2026/02/11 11:42:44.375, 81, 100 %, 48 %, 187.50 W, 1117 MHz, 877 MHz, P0
2026/02/11 11:42:45.381, 81, 100 %, 45 %, 187.50 W, 1125 MHz, 877 MHz, P0
2026/02/11 11:42:46.407, 81, 100 %, 45 %, 195.95 W, 1117 MHz, 877 MHz, P0
2026/02/11 11:42:47.419, 81, 100 %, 47 %, 187.50 W, 1125 MHz, 877 MHz, P0
2026/02/11 11:42:48.432, 80, 100 %, 45 %, 172.00 W, 1065 MHz, 877 MHz, P0
2026/02/11 11:42:49.453, 80, 100 %, 46 %, 177.25 W, 1102 MHz, 877 MHz, P0
2026/02/11 11:42:50.455, 80, 100 %, 46 %, 179.04 W, 1117 MHz, 877 MHz, P0
2026/02/11 11:42:51.461, 80, 100 %, 47 %, 195.48 W, 1125 MHz, 877 MHz, P0
2026/02/11 11:42:52.473, 80, 100 %, 47 %, 199.29 W, 1117 MHz, 877 MHz, P0
2026/02/11 11:42:53.513, 81, 100 %, 46 %, 197.86 W, 1140 MHz, 877 MHz, P0
2026/02/11 11:42:54.523, 81, 100 %, 46 %, 191.79 W, 1132 MHz, 877 MHz, P0
2026/02/11 11:42:55.568, 81, 100 %, 46 %, 191.32 W, 1132 MHz, 877 MHz, P0
2026/02/11 11:42:56.590, 81, 100 %, 49 %, 201.54 W, 1125 MHz, 877 MHz, P0
2026/02/11 11:42:57.641, 81, 100 %, 47 %, 200.11 W, 1140 MHz, 877 MHz, P0
2026/02/11 11:42:58.656, 81, 100 %, 46 %, 194.52 W, 1140 MHz, 877 MHz, P0
2026/02/11 11:42:59.664, 81, 100 %, 46 %, 192.75 W, 1132 MHz, 877 MHz, P0
2026/02/11 11:43:00.683, 81, 100 %, 47 %, 201.54 W, 1140 MHz, 877 MHz, P0
2026/02/11 11:43:01.701, 81, 100 %, 48 %, 201.06 W, 1147 MHz, 877 MHz, P0
2026/02/11 11:43:02.721, 81, 100 %, 48 %, 200.24 W, 1132 MHz, 877 MHz, P0
2026/02/11 11:43:03.728, 81, 100 %, 46 %, 197.38 W, 1140 MHz, 877 MHz, P0
2026/02/11 11:43:04.730, 81, 100 %, 47 %, 186.55 W, 1132 MHz, 877 MHz, P0
2026/02/11 11:43:05.781, 81, 100 %, 46 %, 202.96 W, 1140 MHz, 877 MHz, P0
2026/02/11 11:43:06.797, 81, 100 %, 50 %, 198.81 W, 1140 MHz, 877 MHz, P0
2026/02/11 11:43:07.799, 81, 100 %, 47 %, 193.57 W, 1140 MHz, 877 MHz, P0
2026/02/11 11:43:08.817, 81, 100 %, 47 %, 202.49 W, 1140 MHz, 877 MHz, P0
2026/02/11 11:43:09.826, 81, 100 %, 52 %, 190.84 W, 1125 MHz, 877 MHz, P0
2026/02/11 11:43:10.835, 81, 100 %, 47 %, 184.64 W, 1132 MHz, 877 MHz, P0
2026/02/11 11:43:11.883, 81, 100 %, 47 %, 203.44 W, 1117 MHz, 877 MHz, P0
2026/02/11 11:43:12.948, 81, 100 %, 48 %, 188.46 W, 1140 MHz, 877 MHz, P0
2026/02/11 11:43:13.961, 81, 100 %, 48 %, 200.24 W, 1132 MHz, 877 MHz, P0
2026/02/11 11:43:15.001, 81, 100 %, 48 %, 201.54 W, 1147 MHz, 877 MHz, P0
2026/02/11 11:43:16.007, 81, 100 %, 47 %, 201.19 W, 1132 MHz, 877 MHz, P0
2026/02/11 11:43:17.010, 81, 100 %, 46 %, 196.43 W, 1132 MHz, 877 MHz, P0
2026/02/11 11:43:18.013, 81, 100 %, 48 %, 201.06 W, 1132 MHz, 877 MHz, P0
2026/02/11 11:43:19.043, 81, 100 %, 46 %, 199.29 W, 1140 MHz, 877 MHz, P0
2026/02/11 11:43:20.045, 81, 100 %, 47 %, 192.62 W, 1132 MHz, 877 MHz, P0
2026/02/11 11:43:21.052, 82, 100 %, 50 %, 215.20 W, 1192 MHz, 877 MHz, P0
2026/02/11 11:43:22.054, 82, 100 %, 49 %, 198.81 W, 1147 MHz, 877 MHz, P0
2026/02/11 11:43:23.059, 81, 100 %, 47 %, 201.54 W, 1140 MHz, 877 MHz, P0
2026/02/11 11:43:24.063, 81, 100 %, 49 %, 192.27 W, 1132 MHz, 877 MHz, P0
2026/02/11 11:43:25.069, 81, 100 %, 47 %, 203.44 W, 1140 MHz, 877 MHz, P0
2026/02/11 11:43:26.076, 81, 100 %, 48 %, 194.52 W, 1132 MHz, 877 MHz, P0
2026/02/11 11:43:27.080, 81, 100 %, 46 %, 200.24 W, 1140 MHz, 877 MHz, P0
2026/02/11 11:43:28.082, 81, 100 %, 48 %, 194.18 W, 1140 MHz, 877 MHz, P0
2026/02/11 11:43:29.085, 81, 100 %, 45 %, 200.24 W, 1132 MHz, 877 MHz, P0
2026/02/11 11:43:30.120, 81, 100 %, 48 %, 195.95 W, 1132 MHz, 877 MHz, P0
2026/02/11 11:43:31.126, 81, 100 %, 52 %, 184.16 W, 1102 MHz, 877 MHz, P0
2026/02/11 11:43:32.143, 81, 100 %, 47 %, 198.34 W, 1117 MHz, 877 MHz, P0
2026/02/11 11:43:33.146, 81, 100 %, 45 %, 187.50 W, 1117 MHz, 877 MHz, P0
2026/02/11 11:43:34.158, 81, 100 %, 47 %, 195.00 W, 1125 MHz, 877 MHz, P0
2026/02/11 11:43:35.170, 81, 100 %, 45 %, 196.43 W, 1117 MHz, 877 MHz, P0
2026/02/11 11:43:36.190, 81, 100 %, 47 %, 188.93 W, 1125 MHz, 877 MHz, P0
2026/02/11 11:43:37.233, 81, 100 %, 47 %, 199.15 W, 1117 MHz, 877 MHz, P0
2026/02/11 11:43:38.262, 81, 100 %, 48 %, 195.00 W, 1125 MHz, 877 MHz, P0
2026/02/11 11:43:39.270, 81, 100 %, 45 %, 199.76 W, 1117 MHz, 877 MHz, P0
2026/02/11 11:43:40.320, 81, 100 %, 46 %, 192.62 W, 1117 MHz, 877 MHz, P0
2026/02/11 11:43:41.338, 81, 100 %, 47 %, 186.55 W, 1117 MHz, 877 MHz, P0
2026/02/11 11:43:42.350, 81, 100 %, 48 %, 198.81 W, 1117 MHz, 877 MHz, P0
2026/02/11 11:43:43.387, 81, 100 %, 45 %, 194.52 W, 1132 MHz, 877 MHz, P0
2026/02/11 11:43:44.394, 81, 100 %, 47 %, 195.48 W, 1117 MHz, 877 MHz, P0
2026/02/11 11:43:45.408, 81, 100 %, 44 %, 182.86 W, 1102 MHz, 877 MHz, P0
2026/02/11 11:43:46.411, 81, 100 %, 46 %, 194.52 W, 1125 MHz, 877 MHz, P0
2026/02/11 11:43:47.420, 81, 100 %, 47 %, 196.43 W, 1117 MHz, 877 MHz, P0
2026/02/11 11:43:48.430, 81, 100 %, 45 %, 187.02 W, 1132 MHz, 877 MHz, P0
2026/02/11 11:43:49.435, 81, 100 %, 48 %, 197.86 W, 1117 MHz, 877 MHz, P0
2026/02/11 11:43:50.475, 81, 100 %, 45 %, 185.59 W, 1132 MHz, 877 MHz, P0
2026/02/11 11:43:51.503, 81, 100 %, 44 %, 180.95 W, 1117 MHz, 877 MHz, P0
2026/02/11 11:43:52.532, 81, 100 %, 46 %, 189.89 W, 1125 MHz, 877 MHz, P0
2026/02/11 11:43:53.538, 81, 100 %, 47 %, 186.55 W, 1125 MHz, 877 MHz, P0
2026/02/11 11:43:54.557, 81, 100 %, 47 %, 194.52 W, 1132 MHz, 877 MHz, P0
2026/02/11 11:43:55.593, 81, 100 %, 47 %, 183.81 W, 1117 MHz, 877 MHz, P0
2026/02/11 11:43:56.595, 81, 100 %, 47 %, 200.11 W, 1140 MHz, 877 MHz, P0
2026/02/11 11:43:57.601, 81, 100 %, 48 %, 194.05 W, 1140 MHz, 877 MHz, P0
2026/02/11 11:43:58.611, 81, 100 %, 46 %, 201.06 W, 1140 MHz, 877 MHz, P0
2026/02/11 11:43:59.621, 81, 100 %, 47 %, 196.90 W, 1147 MHz, 877 MHz, P0
2026/02/11 11:44:00.634, 81, 100 %, 47 %, 202.49 W, 1125 MHz, 877 MHz, P0
2026/02/11 11:44:01.681, 81, 100 %, 46 %, 201.06 W, 1140 MHz, 877 MHz, P0
2026/02/11 11:44:02.693, 81, 100 %, 47 %, 194.05 W, 1140 MHz, 877 MHz, P0
2026/02/11 11:44:03.723, 78, 91 %, 49 %, 70.43 W, 1425 MHz, 877 MHz, P0
2026/02/11 11:44:04.724, 76, 0 %, 0 %, 74.24 W, 1530 MHz, 877 MHz, P0
2026/02/11 11:44:05.726, 74, 0 %, 0 %, 72.79 W, 1530 MHz, 877 MHz, P0
2026/02/11 11:44:06.727, 73, 0 %, 0 %, 71.83 W, 1530 MHz, 877 MHz, P0
2026/02/11 11:44:07.729, 71, 0 %, 0 %, 35.85 W, 337 MHz, 877 MHz, P0
2026/02/11 11:44:08.731, 69, 0 %, 0 %, 34.89 W, 337 MHz, 877 MHz, P0
2026/02/11 11:44:09.733, 68, 0 %, 0 %, 34.40 W, 337 MHz, 877 MHz, P0
2026/02/11 11:44:10.735, 67, 0 %, 0 %, 33.44 W, 135 MHz, 877 MHz, P0
2026/02/11 11:44:11.736, 66, 0 %, 0 %, 32.96 W, 135 MHz, 877 MHz, P0
2026/02/11 11:44:12.738, 66, 0 %, 0 %, 32.47 W, 135 MHz, 877 MHz, P0
2026/02/11 11:44:13.739, 65, 0 %, 0 %, 32.49 W, 135 MHz, 877 MHz, P0
2026/02/11 11:44:14.741, 64, 0 %, 0 %, 31.99 W, 135 MHz, 877 MHz, P0
2026/02/11 11:44:15.742, 64, 0 %, 0 %, 32.01 W, 135 MHz, 877 MHz, P0
2026/02/11 11:44:16.744, 63, 0 %, 0 %, 31.99 W, 135 MHz, 877 MHz, P0
2026/02/11 11:44:17.746, 63, 0 %, 0 %, 31.51 W, 135 MHz, 877 MHz, P0
